{
  "polarity": -0.008328941508313708,
  "subjectivity": 0.5051980678005018
}