{
  "polarity": -0.005009468804023448,
  "subjectivity": 0.5112754168273977
}